,State,District,Latitude,Longitude,District code,Population,Households_with_Internet,Hindus,Muslims,Age_Group_0_29,sex_ratio,literacy_rate
0,Andhra Pradesh,Adilabad,19.284513950073435,78.81321233480176,532,2741239,5512,2399901,275970,1536378,100.0,54.0
1,Andhra Pradesh,Anantapur,14.312065561843148,77.4601584478577,553,4081148,8606,3599372,443456,2189396,98.0,57.0
2,Andhra Pradesh,Chittoor,13.33109263067696,78.92763898886037,554,4174064,13763,3737588,397870,2148179,100.0,64.0
3,Andhra Pradesh,East Godavari,16.782718320784902,82.2432074720511,545,5154296,22411,4983330,77777,2724328,101.0,64.0
4,Andhra Pradesh,Guntur,15.884925767634847,80.58657614107885,548,4887813,19383,4217597,559770,2583462,100.0,61.0
5,Andhra Pradesh,Hyderabad,17.38971555555556,78.46668888888888,536,3943323,149034,2046051,1713405,2249130,95.0,73.0
6,Andhra Pradesh,Karimnagar,18.515483193277312,79.43765428571413,534,3776269,8831,3491139,244723,1940234,101.0,58.0
7,Andhra Pradesh,Khammam,17.683921325051784,80.67008643892335,541,2797370,8628,2595321,158887,1530602,101.0,58.0
8,Andhra Pradesh,Krishna,16.143872753151673,81.14805061000413,547,4517398,30438,4023678,307043,2340943,99.0,67.0
9,Andhra Pradesh,Kurnool,15.43759715142429,77.90086836581717,552,4053463,10081,3328380,670737,2368684,99.0,52.0
10,Andhra Pradesh,Mahbubnagar,16.639546224256293,77.98933089244859,538,4053028,6153,3673456,334172,2360874,98.0,48.0
11,Andhra Pradesh,Medak,17.889304978038055,78.13778901903379,535,3033288,8635,2637313,342449,1735769,99.0,54.0
12,Andhra Pradesh,Nalgonda,17.113250515463907,79.16984453608244,539,3488809,7715,3249231,188646,1932349,98.0,57.0
13,Andhra Pradesh,Nizamabad,18.429485849056604,78.07523490566035,533,2551335,5261,2123426,391596,1399773,104.0,54.0
14,Andhra Pradesh,Prakasam,15.489039001601704,80.11665790176184,549,3397448,6151,3150195,220654,1832695,98.0,56.0
15,Andhra Pradesh,Srikakulam,18.570900998697432,84.25874814010675,542,2703114,3988,2666950,9025,1423119,101.0,55.0
16,Andhra Pradesh,Vizianagaram,18.28329696032972,83.45982854198873,543,2344474,4453,2299129,16423,1206366,102.0,53.0
17,Andhra Pradesh,Warangal,18.01752608695651,79.87422028985509,540,3512576,12952,3273755,197333,1891954,100.0,59.0
18,Andhra Pradesh,West Godavari,16.63297943925236,81.45912990654196,546,3936966,12050,3733191,86142,2051513,100.0,67.0
19,Arunachal Pradesh,Changlang,27.36048479338845,96.37552644628106,253,148226,170,47683,2134,96630,93.0,49.0
20,Arunachal Pradesh,East Kameng,27.371194055944056,93.04741486013997,247,78690,57,12333,652,53752,103.0,49.0
21,Arunachal Pradesh,East Siang,28.15382352941176,95.06499226006191,251,99214,450,27854,2289,61993,98.0,63.0
22,Arunachal Pradesh,Kurung Kumey,28.04853351800553,93.24531994459834,256,92076,95,4859,471,64379,103.0,40.0
23,Arunachal Pradesh,Lohit,27.946785273972623,96.59670770547945,259,145726,312,99020,3846,94890,91.0,57.0
24,Arunachal Pradesh,Lower Dibang Valley,28.32651730103806,95.76567335640142,258,54080,207,28915,2247,35140,93.0,59.0
25,Arunachal Pradesh,Lower Subansiri,27.70849297297297,93.96226108108112,255,83030,381,9551,1482,55258,98.0,65.0
26,Arunachal Pradesh,Papum Pare,27.273529716981127,93.54468183962264,248,176573,2477,57027,6148,120592,98.0,69.0
27,Arunachal Pradesh,Tawang,27.680683962264148,91.82504245283016,245,49977,96,11842,787,30709,71.0,52.0
28,Arunachal Pradesh,Tirap,26.94406229508198,95.41470327868862,254,111975,98,20682,1103,71785,94.0,43.0
29,Arunachal Pradesh,Upper Siang,28.8309244897959,95.00155765306124,252,35320,97,5261,411,21090,89.0,52.0
30,Arunachal Pradesh,Upper Subansiri,28.277196566523585,93.8991435622318,249,83448,139,13474,521,56054,100.0,54.0
31,Arunachal Pradesh,West Kameng,27.46486582278483,92.65015750452083,246,83947,202,31265,1970,53026,82.0,58.0
32,Arunachal Pradesh,West Siang,28.106296920289843,94.53510344202908,250,112274,303,15881,2218,70415,93.0,58.0
33,Assam,Barpeta,26.427872264631056,90.97912010178116,303,1693622,2078,492966,1198036,1072312,95.0,53.0
34,Assam,Bongaigaon,26.45012521994133,90.6734296187684,319,738804,2523,359145,371033,458796,97.0,59.0
35,Assam,Cachar,24.815570668693017,92.86849650455927,316,1736617,5316,1038985,654816,1048990,96.0,68.0
36,Assam,Darrang,26.58463215962442,92.04141338028155,325,928500,1166,327322,597392,583436,95.0,52.0
37,Assam,Dhemaji,27.586533438485816,94.71336908517353,308,686133,1192,655052,13475,434221,95.0,62.0
38,Assam,Dibrugarh,27.30612284482757,95.0998282327587,310,1326335,8817,1198401,64526,767147,96.0,67.0
39,Assam,Goalpara,26.017277777777807,90.59869891598912,302,1008183,1364,347878,579929,650509,96.0,56.0
40,Assam,Golaghat,26.377219709794485,93.82583397823468,313,1066888,3073,917426,90312,629153,96.0,68.0
41,Assam,Hailakandi,24.457496089385486,92.59154664804475,318,659296,1211,251194,397653,419921,95.0,62.0
42,Assam,Jorhat,26.76244824016563,94.30197722567289,312,1092256,5651,1008219,54684,604908,96.0,73.0
43,Assam,Kamrup,26.170939452054807,91.58863273972592,321,1517542,3109,877495,601784,895775,95.0,66.0
44,Assam,Karbi Anglong,26.08966454598031,93.11536570271832,314,956313,1923,766000,20290,618633,95.0,58.0
45,Assam,Karimganj,24.69660712250711,92.3679498575498,317,1228686,1933,521962,692489,779850,96.0,65.0
46,Assam,Kokrajhar,26.497246635730868,90.13997470997688,300,887142,1218,529068,252271,552671,96.0,55.0
47,Assam,Lakhimpur,27.14128805970149,94.0775949253732,307,1042137,1948,797130,193476,639385,97.0,66.0
48,Assam,Nagaon,26.26462170626351,92.9306191144708,305,2823768,5121,1225246,1563203,1778277,96.0,61.0
49,Assam,Nalbari,26.46323767605632,91.40598521126763,323,771639,1631,491582,277488,442061,95.0,69.0
50,Assam,Sonitpur,26.73514926829268,92.85197804878044,306,1924110,4358,1422824,350536,1159991,96.0,58.0
51,Assam,Tinsukia,27.53549291139241,95.69055949367085,309,1327929,5135,1181347,48373,799874,95.0,60.0
52,Bihar,Araria,26.211528119180603,87.30766554934816,209,2811569,2561,1593525,1207442,1872943,92.0,43.0
53,Bihar,Aurangabad,24.774291867469877,84.45986024096379,235,2540073,2362,2291133,237353,1626969,93.0,58.0
54,Bihar,Aurangabad,24.774291867469877,84.45986024096379,515,3701282,23258,2545438,786677,2211996,92.0,68.0
55,Maharashtra,Aurangabad,20.0979228832952,75.32072196796334,235,2540073,2362,2291133,237353,1626969,93.0,58.0
56,Maharashtra,Aurangabad,20.0979228832952,75.32072196796334,515,3701282,23258,2545438,786677,2211996,92.0,68.0
57,Bihar,Banka,24.832355642023337,86.8664916342413,225,2034763,1704,1772655,250925,1291235,91.0,47.0
58,Bihar,Begusarai,25.54302613168723,86.12560144032932,222,2970541,4644,2554330,407348,1951688,89.0,52.0
59,Bihar,Bhagalpur,25.277192885375477,87.04213814229242,224,3037766,6764,2487866,537098,1952879,88.0,52.0
60,Bihar,Bhojpur,25.50666439393939,84.49407803030304,231,2728407,3661,2518216,197819,1722387,91.0,59.0
61,Bihar,Buxar,25.48593018867924,84.08808081760995,232,1706352,1784,1591454,105423,1074754,92.0,58.0
62,Bihar,Darbhanga,26.146187719298258,85.97387352472099,215,3937385,6280,3042729,881476,2535344,91.0,46.0
63,Bihar,Gaya,24.7266541547278,84.94291217765044,236,4391418,6856,3876395,488121,2810026,94.0,52.0
64,Bihar,Gopalganj,26.44874364161851,84.34636127167629,217,2562012,3707,2119262,436057,1642807,102.0,54.0
65,Bihar,Jamui,24.78418380462726,86.26316298200514,238,1760405,1839,1525746,217621,1135919,92.0,49.0
66,Bihar,Jehanabad,25.155679045643165,84.9208124481328,239,1125313,1106,1045117,75742,714244,92.0,55.0
67,Bihar,Katihar,25.56565356037151,87.70466083591326,212,3071029,2941,1684589,1365645,2054202,92.0,42.0
68,Bihar,Khagaria,25.53558891454964,86.56593256351037,223,1666886,1580,1486989,175588,1114645,89.0,46.0
69,Bihar,Kishanganj,26.324336758321294,87.95045007235886,210,1690400,1093,531236,1149095,1139615,95.0,44.0
70,Bihar,Lakhisarai,25.183449321266963,86.12825701357468,227,1000912,1186,956396,40886,650642,90.0,51.0
71,Bihar,Madhepura,25.77341929460581,86.8978443983403,213,2001762,1397,1753829,241760,1311771,91.0,42.0
72,Bihar,Madhubani,26.41380538172716,86.16328360450552,207,4487379,5319,3652168,818912,2860455,93.0,48.0
73,Bihar,Munger,25.198537962962963,86.54173672839504,226,1367765,2653,1252319,110416,860147,88.0,59.0
74,Bihar,Muzaffarpur,26.18664417177915,85.32745092024543,216,4801062,10290,4032773,745546,3016735,90.0,52.0
75,Bihar,Nalanda,25.229345508982053,85.48053113772461,229,2877653,4156,2669775,198033,1829128,92.0,53.0
76,Bihar,Nawada,24.825708836206903,85.61594568965519,237,2219146,1841,1964620,244394,1440781,94.0,49.0
77,Bihar,Pashchim Champaran,27.16064352201258,84.30265911949685,203,3935042,3495,3047427,865090,2544205,91.0,45.0
78,Bihar,Patna,25.40297114503818,85.3198433587787,230,5838465,40692,5356075,439952,3626564,90.0,59.0
79,Bihar,Purba Champaran,26.68129336734693,85.00382155612242,204,5099371,7719,4086453,990349,3316422,90.0,45.0
80,Bihar,Purnia,25.81714801901739,87.40447606973065,211,3264619,4170,1989420,1255641,2155512,92.0,41.0
81,Bihar,Rohtas,24.99170460829495,83.9350762672811,234,2959918,4594,2645415,300487,1875174,92.0,61.0
82,Bihar,Saharsa,25.821270696721303,86.54670819672135,214,1900661,1668,1629254,266620,1249692,91.0,42.0
83,Bihar,Samastipur,25.793205563909765,85.94833323308269,221,4261566,5379,3800598,452370,2766930,91.0,50.0
84,Bihar,Saran,25.89656077844312,84.82266287425155,219,3951862,4509,3534772,406449,2516115,95.0,55.0
85,Bihar,Sheikhpura,25.12472436548223,85.77839390862943,228,636342,631,596102,37653,413475,93.0,52.0
86,Bihar,Sheohar,26.458380748663107,85.29539411764709,205,656246,478,552492,99342,421241,89.0,43.0
87,Bihar,Sitamarhi,26.56570069686413,85.61172491289203,206,3423574,3460,2672311,740101,2206340,90.0,42.0
88,Bihar,Siwan,26.1736372013652,84.33766552901022,218,3330464,3834,2712635,608282,2115448,99.0,58.0
89,Bihar,Supaul,26.28157893772896,86.78496465201461,208,2229076,1845,1809936,409251,1453438,93.0,46.0
90,Bihar,Vaishali,25.8134703180212,85.39247597173153,220,3495021,4810,3152346,333980,2176701,89.0,55.0
91,Chandigarh,Chandigarh,30.7426,76.75872465753424,55,1055450,44283,852574,51447,602411,82.0,76.0
92,Chhattisgarh,Bastar,19.393866751269048,81.52895126903546,414,1413199,1782,1277975,12413,864272,102.0,46.0
93,Chhattisgarh,Bilaspur,22.356942982456143,81.99770350877188,30,381956,1574,371973,6984,193671,98.0,75.0
94,Chhattisgarh,Bilaspur,22.356942982456143,81.99770350877188,406,2663629,8566,2540763,57973,1625484,97.0,60.0
95,Himachal Pradesh,Bilaspur,31.3780422907489,76.65316079295157,30,381956,1574,371973,6984,193671,98.0,75.0
96,Himachal Pradesh,Bilaspur,31.3780422907489,76.65316079295157,406,2663629,8566,2540763,57973,1625484,97.0,60.0
97,Chhattisgarh,Dhamtari,20.554912627291245,81.7569195519348,412,799781,1016,777188,10425,461125,101.0,68.0
98,Chhattisgarh,Durg,21.194463849287164,81.33181639511197,409,3343872,16141,3129745,83499,1919832,99.0,69.0
99,Chhattisgarh,Jashpur,22.77286167664669,83.8703962075848,402,851669,567,629509,15336,488965,101.0,58.0
100,Chhattisgarh,Korba,22.491712499999995,82.57604326923074,404,1206640,4544,1133176,30195,729708,97.0,62.0
101,Chhattisgarh,Koriya,23.50412776859501,82.12515636363635,400,658917,1667,604259,25878,399581,97.0,60.0
102,Chhattisgarh,Mahasamund,21.223727037773354,82.65925427435384,411,1032754,961,1008061,12570,582544,102.0,62.0
103,Chhattisgarh,Raigarh,22.008265068493166,83.27797698630134,403,1493984,3342,1422986,17332,841958,99.0,64.0
104,Chhattisgarh,Raigarh,22.008265068493166,83.27797698630134,520,2634200,38570,2239370,227465,1414154,96.0,74.0
105,Maharashtra,Raigarh,18.453257637845976,73.0090609418579,403,1493984,3342,1422986,17332,841958,99.0,64.0
106,Maharashtra,Raigarh,18.453257637845976,73.0090609418579,520,2634200,38570,2239370,227465,1414154,96.0,74.0
107,Chhattisgarh,Raipur,20.88603153846152,82.20032759615388,410,4063872,20261,3881485,103038,2454299,98.0,65.0
108,Chhattisgarh,Surguja,23.32719278728607,83.23582493887531,401,2359886,2737,2126195,81442,1441436,98.0,50.0
109,Daman and Diu,Daman,20.431616666666677,72.8392366071429,495,191173,1316,171537,16087,122589,53.0,79.0
110,Daman and Diu,Junagadh,20.72568199498111,70.83985639899612,479,2743082,6628,2397056,334858,1527888,95.0,67.0
111,Gujarat,Junagadh,20.929523011609785,70.54733890140345,479,2743082,6628,2397056,334858,1527888,95.0,67.0
112,Goa,North Goa,15.548723418714054,73.80667997909038,585,818008,23440,622213,57941,380926,96.0,81.0
113,Goa,South Goa,15.195278658183785,73.941792596877,586,640537,17624,341664,63623,314480,99.0,78.0
114,Gujarat,Ahmadabad,22.605425564971743,72.23898135593227,474,7214225,126341,6042416,883238,3952858,90.0,75.0
115,Gujarat,Amreli,21.04832649310872,71.43457637825426,480,1514190,2538,1410463,99105,836343,96.0,66.0
116,Gujarat,Anand,22.282718206229863,72.57782051557454,482,2092745,9902,1798794,250919,1134962,92.0,74.0
117,Gujarat,Banas Kantha,24.258538965517253,71.93205252873561,469,3120506,3424,2890305,213505,1984701,94.0,55.0
118,Gujarat,Bharuch,21.75787276237761,72.67326346710801,488,1551019,10257,1188204,343511,844298,93.0,72.0
119,Gujarat,Bhavnagar,21.70219390341736,72.16272632761141,481,2880365,7297,2632574,212863,1708938,93.0,66.0
120,Gujarat,Gandhinagar,23.193679790026252,72.67221679790026,473,1391753,12107,1319586,57273,769329,92.0,74.0
121,Gujarat,Jamnagar,22.410600414263328,69.62062005768233,477,2160119,11573,1810443,320805,1220598,94.0,65.0
122,Gujarat,Kachchh,23.48057203301311,68.82192301497916,468,2092371,9631,1608921,442355,1278604,91.0,60.0
123,Gujarat,Kheda,22.88765312500002,73.018803515625,483,2299885,5710,2000884,264482,1260660,94.0,72.0
124,Gujarat,Mahesana,23.529355452865065,72.45545194085031,471,2035064,7759,1885732,136431,1119451,93.0,74.0
125,Gujarat,Narmada,21.70666386292833,73.68403208722742,487,590297,576,559848,22600,336830,96.0,63.0
126,Gujarat,Navsari,20.866973318871995,72.86184869848157,490,1329672,6726,1225087,78669,673014,96.0,75.0
127,Gujarat,Panch Mahals,22.80435606837605,73.61984598290586,484,2390776,3456,2220974,158513,1421859,95.0,60.0
128,Gujarat,Patan,23.80634198473284,71.75162977099237,470,1343734,2231,1194745,142797,786357,94.0,62.0
129,Gujarat,Porbandar,21.55092351651571,69.71896987722886,478,585449,1653,549749,33565,314886,95.0,67.0
130,Gujarat,Rajkot,22.40603377715488,70.83679439383323,476,3804558,21785,3397406,361388,2080568,93.0,72.0
131,Gujarat,Sabar Kantha,23.71803594548552,73.13638790459964,472,2428589,5262,2260560,148563,1393131,95.0,65.0
132,Gujarat,Surat,21.25761372772093,72.93488716344339,492,6081322,55694,5260193,660772,3563443,79.0,75.0
133,Gujarat,Surendranagar,22.82672007299272,71.48358740875906,475,1756268,2975,1620282,109681,1033435,93.0,62.0
134,Gujarat,The Dangs,20.801633877551023,73.6883518367347,489,228291,137,203545,3593,146095,101.0,62.0
135,Gujarat,Vadodara,22.26133739279589,73.49433010291594,486,4165626,53606,3713941,384579,2213474,93.0,69.0
136,Gujarat,Valsad,20.44238231644259,72.9148584798345,491,1705678,11020,1571147,94034,944532,92.0,69.0
137,Haryana,Ambala,30.3503672316384,76.94970310734456,70,1128350,12899,955096,22143,617859,88.0,72.0
138,Haryana,Bhiwani,28.728868064516128,76.02110225806452,81,1634445,5292,1611031,15515,964960,89.0,65.0
139,Haryana,Faridabad,28.14873109756098,77.32718536585368,88,1809733,43437,1588407,161680,1095602,87.0,70.0
140,Haryana,Fatehabad,29.57298318584072,75.54608716814157,78,942011,3210,779243,8360,555745,90.0,59.0
141,Haryana,Gurgaon,28.043894789579163,77.01935130260523,86,1514432,67087,1408801,70842,875531,85.0,73.0
142,Haryana,Hisar,29.23628731117825,75.84324682779452,80,1743931,10132,1701061,21650,1017830,87.0,64.0
143,Haryana,Jhajjar,28.59651868131869,76.61137142857145,83,958405,5034,945693,8247,549975,86.0,71.0
144,Haryana,Jind,29.45149821958457,76.29598575667653,77,1334152,5263,1276669,23016,784085,87.0,62.0
145,Haryana,Kaithal,29.96068539094649,76.37698930041155,73,1074304,3724,974520,8232,630194,88.0,60.0
146,Haryana,Karnal,29.703200647249204,76.87488025889972,74,1505324,11163,1341002,31650,884972,89.0,65.0
147,Haryana,Kurukshetra,30.05652659846548,76.78774680306903,72,964655,7356,805175,15970,552034,89.0,67.0
148,Haryana,Mahendragarh,28.1352161458333,76.14018072916659,84,922088,2624,913251,5660,530000,89.0,68.0
149,Haryana,Panchkula,30.700897142857134,76.97173238095236,69,561293,18615,490702,23451,309078,87.0,72.0
150,Haryana,Panipat,29.34352134146342,76.92895914634147,75,1205437,10024,1083936,86622,739075,86.0,65.0
151,Haryana,Rewari,28.19164714828897,76.55956007604564,85,900332,5121,889133,5713,518747,90.0,71.0
152,Haryana,Rohtak,28.892517647058817,76.53123235294117,82,1061204,8482,1043887,8185,605741,87.0,70.0
153,Haryana,Sirsa,29.63583446327684,74.90970480225988,79,1295189,6287,940255,9524,750228,90.0,60.0
154,Himachal Pradesh,Chamba,32.66741814595661,76.39354063116366,23,519080,1615,479782,32455,306555,99.0,62.0
155,Himachal Pradesh,Hamirpur,31.67668481012659,76.49767088607594,28,454768,2521,449412,3711,224044,110.0,79.0
156,Himachal Pradesh,Hamirpur,31.67668481012659,76.49767088607594,168,1104285,1196,1010014,91269,660774,86.0,59.0
157,Uttar Pradesh,Hamirpur,25.738158381502892,79.82619479768789,28,454768,2521,449412,3711,224044,110.0,79.0
158,Uttar Pradesh,Hamirpur,25.738158381502892,79.82619479768789,168,1104285,1196,1010014,91269,660774,86.0,59.0
159,Himachal Pradesh,Kangra,32.14093603238864,76.41205910931173,24,1510075,8053,1461140,19797,766581,101.0,76.0
160,Himachal Pradesh,Kinnaur,31.60667184065933,78.51613736263741,34,84121,354,64732,448,42360,82.0,72.0
161,Himachal Pradesh,Kullu,31.90911922077925,77.40922649350647,26,437903,2623,415669,2974,244727,94.0,70.0
162,Himachal Pradesh,Mandi,31.635805940594054,76.96556930693067,27,999777,5333,981412,9460,524285,101.0,72.0
163,Himachal Pradesh,Shimla,31.155725451807253,77.62573042168668,33,814010,9177,791449,11810,425721,92.0,75.0
164,Himachal Pradesh,Sirmaur,30.682764453961443,77.43184689507493,32,529855,2220,476830,33215,310244,92.0,68.0
165,Himachal Pradesh,Solan,31.03864311926604,76.94442140672783,31,580320,5250,548579,14678,321533,88.0,74.0
166,Himachal Pradesh,Una,31.58330388349513,76.18353932038836,29,521173,2412,480138,14275,273223,98.0,77.0
167,Jammu and Kashmir,Doda,33.359614675767915,76.07163720136518,16,409936,596,187621,220614,263576,92.0,53.0
168,Jammu and Kashmir,Jammu,32.713199095022645,74.8477520361991,21,1529958,19905,1289240,107489,816827,88.0,74.0
169,Jammu and Kashmir,Kargil,33.565994894894914,76.63675315315312,4,140802,235,10341,108239,87532,81.0,61.0
170,Jammu and Kashmir,Kathua,32.51781678321678,75.58901398601404,7,616435,1443,540063,64234,357864,89.0,63.0
171,Jammu and Kashmir,Pulwama,33.88414418604652,75.00921860465118,12,560440,1537,13840,535159,342601,91.0,52.0
172,Jammu and Kashmir,Punch,33.791241290322574,74.29593161290322,5,476835,346,32604,431279,304979,89.0,55.0
173,Jammu and Kashmir,Srinagar,34.27312898550724,75.11021159420288,10,1236829,16413,42540,1177342,693238,90.0,61.0
174,Jammu and Kashmir,Udhampur,33.04770670731707,75.15286951219511,19,554985,1214,489044,59771,339145,87.0,58.0
175,Jharkhand,Bokaro,23.6814965034965,85.98398374125864,355,2062330,9754,1636460,241451,1261238,92.0,62.0
176,Jharkhand,Chatra,24.11619945750453,84.93295804701627,347,1042886,590,903179,116710,692650,95.0,49.0
177,Jharkhand,Deoghar,24.33070100755672,86.75697632241814,350,1492073,1944,1165140,302626,944961,93.0,53.0
178,Jharkhand,Dhanbad,23.854509090909097,86.40372924901185,354,2684487,11568,2149480,431762,1634835,91.0,64.0
179,Jharkhand,Dumka,24.275006125574265,87.27662450229711,362,1321442,1193,1044726,106865,799323,98.0,51.0
180,Jharkhand,Garhwa,24.082114689265527,83.68664265536722,346,1322784,565,1104475,194680,860869,94.0,49.0
181,Jharkhand,Giridih,24.30578509874329,86.08710915619386,349,2445474,1944,1856202,508586,1597269,94.0,51.0
182,Jharkhand,Godda,24.8189,87.2941735483871,351,1313551,874,937126,289182,820367,94.0,46.0
183,Jharkhand,Gumla,23.078532948929148,84.55056787479396,366,1025213,831,309563,51429,643579,99.0,55.0
184,Jharkhand,Jamtara,23.97873318077801,86.95325080091534,363,791042,808,550560,164406,480895,95.0,54.0
185,Jharkhand,Latehar,23.72511185840708,84.48298743362837,359,726978,340,473049,69808,484084,97.0,48.0
186,Jharkhand,Lohardaga,23.488796043165483,84.6605169064748,356,461790,351,112378,95012,298844,99.0,56.0
187,Jharkhand,Pakur,24.57260428082189,87.69691969178076,353,900422,328,410127,322963,587976,99.0,39.0
188,Jharkhand,Palamu,24.196925968109337,84.20310842824594,358,1939869,2155,1683169,238295,1244572,93.0,53.0
189,Jharkhand,Ranchi,23.184235061391547,85.31781937244203,364,2914253,22538,1612239,410759,1742293,95.0,66.0
190,Jharkhand,Sahibganj,24.93667989690721,87.68264097938142,352,1150567,591,628044,398243,745027,95.0,42.0
191,Jharkhand,Simdega,22.608760391198054,84.59193691931536,367,599578,423,201524,15103,357859,100.0,57.0
192,Karnataka,Bagalkot,16.15860676328503,75.64526070853468,556,1889752,3745,1634229,219991,1123443,99.0,59.0
193,Karnataka,Bangalore Rural,12.936827087794448,77.47369314775169,583,990923,3729,890429,92252,535765,95.0,70.0
194,Karnataka,Belgaum,16.16107219152853,74.72329042357275,555,4779661,17560,4038331,528412,2669348,97.0,64.0
195,Karnataka,Bellary,15.074377548209377,76.47228471074374,565,2452595,9626,2103633,320834,1487013,98.0,58.0
196,Karnataka,Bidar,17.950361730769224,77.19459961538459,558,1703300,3971,1289709,335184,1018195,96.0,61.0
197,Karnataka,Bijapur,16.84015316666667,75.95909166666665,417,255230,117,245151,1617,167348,98.0,34.0
198,Karnataka,Bijapur,16.84015316666667,75.95909166666665,557,2177331,4987,1786830,369588,1295274,96.0,57.0
199,Karnataka,Chikmagalur,13.425288289676422,75.67626502311249,570,1137961,4510,1004553,101235,564994,101.0,72.0
200,Karnataka,Chitradurga,14.29102220394736,76.57821957236843,566,1659456,5711,1520553,128751,891230,97.0,66.0
201,Karnataka,Davanagere,14.330414586709884,75.91723841166937,567,1945497,7320,1658465,265805,1068518,97.0,67.0
202,Karnataka,Dharwad,15.343831376975173,75.13831264108359,562,1847023,15013,1390020,386834,1017935,97.0,70.0
203,Karnataka,Gadag,15.507128256880746,75.64861302752298,561,1064570,3373,907750,143665,601578,98.0,66.0
204,Karnataka,Gulbarga,17.070459515951594,76.87503850385033,579,2566326,9752,2011014,513125,1570719,97.0,56.0
205,Karnataka,Hassan,12.945098749999998,76.11049549999997,574,1776421,4851,1630814,120011,877340,101.0,69.0
206,Karnataka,Haveri,14.737582809224318,75.3961230607966,564,1597668,2456,1281878,297927,904453,95.0,68.0
207,Karnataka,Kodagu,12.39684468085106,75.79336595744688,576,554519,3308,448986,87274,276918,102.0,74.0
208,Karnataka,Kolar,13.312799881235172,78.01376947743476,581,1536401,5051,1305431,199873,841499,98.0,66.0
209,Karnataka,Koppal,15.651253271028034,76.1617048598131,560,1389920,2135,1218024,161770,855430,99.0,58.0
210,Karnataka,Mandya,12.574901806239744,76.81570098522172,573,1805769,3367,1712695,77801,902307,100.0,64.0
211,Karnataka,Mysore,12.248100259403367,76.52881802853437,577,3001127,28397,2631985,290549,1580116,99.0,65.0
212,Karnataka,Raichur,16.050795353982295,76.87368606194688,559,1928812,5200,1634062,272022,1196670,100.0,51.0
213,Karnataka,Shimoga,14.063845885634592,75.17882078103197,568,1752753,8791,1479424,234664,913150,100.0,72.0
214,Karnataka,Tumkur,13.592467760074973,77.02297966260545,571,2678980,7971,2413812,245923,1351461,98.0,68.0
215,Karnataka,Udupi,13.450404228534568,74.72009990316337,569,1177361,9070,1009179,96740,559565,109.0,79.0
216,Kerala,Alappuzha,9.542602965599087,76.38010796263319,598,2127789,28842,1460447,224545,891512,110.0,87.0
217,Kerala,Ernakulam,10.004879301987431,76.26957729035381,595,3282388,88737,1509557,514397,1396968,103.0,87.0
218,Kerala,Idukki,9.80480963855423,77.04586641566264,596,1108974,8250,541854,82206,494456,101.0,83.0
219,Kerala,Kannur,11.941523076923056,75.35209891725934,589,2523003,32653,1509592,742483,1187177,114.0,85.0
220,Kerala,Kasaragod,12.33310309912974,75.07768497134369,588,1307375,10378,729987,486913,688763,108.0,79.0
221,Kerala,Kollam,8.929388820570157,76.6360775852431,600,2635375,31542,1697635,508500,1177359,111.0,85.0
222,Kerala,Kottayam,9.643701174068417,76.46059673302705,597,1974551,37849,983598,126499,811653,104.0,89.0
223,Kerala,Kozhikode,11.392924270557026,75.71158720159153,591,3086293,36791,1734958,1211131,1487644,110.0,85.0
224,Kerala,Malappuram,10.97329875666072,75.93910775606876,592,4112920,27909,1135259,2888849,2406005,110.0,81.0
225,Kerala,Palakkad,10.784926903553291,76.49980490693744,593,2809934,27162,1875980,812936,1395222,107.0,80.0
226,Kerala,Thiruvananthapuram,8.537101759082221,76.88711502868073,601,3301427,71621,2194057,452915,1488441,109.0,84.0
227,Kerala,Thrissur,10.458932647907687,76.12321940836945,594,3121200,56148,1823442,532839,1394214,111.0,86.0
228,Kerala,Wayanad,11.715277464788736,76.07587007042254,590,817420,4712,404460,234185,412806,103.0,79.0
229,Madhya Pradesh,Anuppur,23.18184220430107,81.86560000000007,461,749237,1290,686524,21473,444954,98.0,58.0
230,Madhya Pradesh,Ashoknagar,24.63098846153845,77.82974493927134,459,845071,619,778214,40707,535410,90.0,56.0
231,Madhya Pradesh,Balaghat,21.80020720640569,80.42170053380796,457,1701698,1712,1519384,38542,969773,102.0,67.0
232,Madhya Pradesh,Barwani,21.702135714285724,74.91004719710673,441,1385881,1158,1318869,58222,923665,98.0,40.0
233,Madhya Pradesh,Betul,21.964626315789477,77.7873428189117,447,1575362,2109,1505745,37590,938819,97.0,60.0
234,Madhya Pradesh,Bhind,26.35951126187245,78.7618324287653,420,1703005,1166,1595400,66776,1040736,84.0,64.0
235,Madhya Pradesh,Bhopal,23.480726143790854,77.39246623093679,444,2371061,40788,1755861,525434,1405814,92.0,70.0
236,Madhya Pradesh,Burhanpur,21.364567254408065,76.24460478589425,467,757847,986,552526,180840,469838,95.0,54.0
237,Madhya Pradesh,Chhatarpur,24.813637376460004,79.56449299191374,425,1762375,1880,1676918,70351,1112636,88.0,54.0
238,Madhya Pradesh,Chhindwara,22.227966971713823,78.76413136439254,455,2090922,3588,1923920,100692,1232263,96.0,62.0
239,Madhya Pradesh,Damoh,23.76624407960196,79.47049303482588,428,1264219,1432,1186420,47966,768929,91.0,59.0
240,Madhya Pradesh,Datia,25.90226439560441,78.63916571428574,422,786754,616,747693,28483,473097,87.0,62.0
241,Madhya Pradesh,Dewas,22.7851110021322,76.46088805970157,437,1563715,3518,1376591,174259,943954,94.0,59.0
242,Madhya Pradesh,Dhar,22.572681718963157,75.1105620736698,438,2185793,2388,2051219,116202,1377326,96.0,49.0
243,Madhya Pradesh,Dindori,22.83738437047757,81.04332966714911,453,704524,554,605435,6736,419531,100.0,54.0
244,Madhya Pradesh,Guna,24.49043927178156,77.2235895968791,458,1241519,2482,1172248,49203,793150,91.0,53.0
245,Madhya Pradesh,Gwalior,26.04074441964285,78.12782433035713,421,2032036,15779,1835299,141735,1218319,86.0,67.0
246,Madhya Pradesh,Harda,22.227659781121783,77.07022571819435,448,570465,986,527462,38640,347774,93.0,62.0
247,Madhya Pradesh,Hoshangabad,22.595268801996703,78.02168094841929,449,1241350,2871,1175203,52269,730768,91.0,65.0
248,Madhya Pradesh,Indore,22.680265752128648,75.9133801324502,439,3276697,48691,2728225,415142,1877270,93.0,70.0
249,Madhya Pradesh,Jabalpur,23.18525572327043,79.98328754716981,451,2463289,20443,2159065,203652,1387369,93.0,71.0
250,Madhya Pradesh,Jhabua,22.419578015397768,74.40921616766468,464,1025048,744,960925,15733,684200,99.0,34.0
251,Madhya Pradesh,Katni,23.724416229116937,80.33819665871127,450,1292042,2179,1240650,37232,778414,95.0,61.0
252,Madhya Pradesh,Mandla,22.70348712446353,80.38600543633753,454,1054905,912,849518,16558,614794,101.0,57.0
253,Madhya Pradesh,Mandsaur,24.19278764044944,75.43588667736759,433,1340411,2324,1192588,125548,781000,96.0,62.0
254,Madhya Pradesh,Morena,26.37313504531724,77.88447341389724,419,1965970,1781,1875495,76159,1254302,84.0,60.0
255,Madhya Pradesh,Neemuch,24.70311893333336,75.06608186666664,432,826067,1945,741288,67324,476995,95.0,62.0
256,Madhya Pradesh,Panna,24.451325840092657,80.21133001158752,426,1016520,653,974748,35214,635347,91.0,54.0
257,Madhya Pradesh,Raisen,23.292518206521724,78.16305495923909,446,1331597,1141,1195235,120331,832939,90.0,62.0
258,Madhya Pradesh,Rajgarh,23.785499026425583,76.66431223922116,442,1545814,1611,1433879,106928,935230,96.0,52.0
259,Madhya Pradesh,Ratlam,23.503562290502792,75.14895782122909,434,1455069,3644,1267043,151071,876905,97.0,57.0
260,Madhya Pradesh,Rewa,24.861184625158856,81.57572465057183,430,2365106,3406,2268838,85414,1460075,93.0,61.0
261,Madhya Pradesh,Sagar,23.800318709677374,78.71940357771273,427,2378458,4546,2198297,103480,1470688,89.0,65.0
262,Madhya Pradesh,Satna,24.62777621776502,80.75547048710598,429,2228935,3754,2158623,59471,1365647,93.0,62.0
263,Madhya Pradesh,Sehore,22.9297199679658,77.06780202883085,445,1311332,1566,1163607,137980,817608,92.0,60.0
264,Madhya Pradesh,Seoni,22.33230487804874,79.66053863928111,456,1379131,1182,1145052,79739,809922,98.0,63.0
265,Madhya Pradesh,Shahdol,23.44859864559819,81.4596831828442,460,1066063,1733,997073,42426,645619,97.0,57.0
266,Madhya Pradesh,Shajapur,23.566620317220547,76.33555181268885,436,1512681,1382,1321003,174724,901161,94.0,59.0
267,Madhya Pradesh,Sheopur,25.78014810996563,77.16911116838484,418,687861,273,638702,41396,449974,90.0,48.0
268,Madhya Pradesh,Shivpuri,25.37802451874367,77.74861600810549,423,1726050,1852,1648749,51200,1106084,88.0,52.0
269,Madhya Pradesh,Sidhi,24.17547189952905,82.1053783359498,462,1127033,837,1077545,34419,721531,96.0,53.0
270,Madhya Pradesh,Tikamgarh,25.14099852104666,78.89357064846428,424,1445166,1090,1383475,44143,898323,90.0,52.0
271,Madhya Pradesh,Ujjain,23.319288862745065,75.80383717647058,435,1986864,7501,1718204,233133,1156749,96.0,62.0
272,Madhya Pradesh,Umaria,23.59601063063061,80.90879477477475,431,644758,839,620515,15966,403030,95.0,55.0
273,Madhya Pradesh,Vidisha,23.82838307984792,77.9013507604563,443,1458875,1926,1287391,149548,919239,90.0,59.0
274,Maharashtra,Akola,20.746310479041902,77.12122320359276,501,1813906,6163,1107809,357253,998769,95.0,78.0
275,Maharashtra,Amravati,21.16520991810736,77.67583503184723,503,2888445,9438,2055177,421410,1540590,95.0,78.0
276,Maharashtra,Bhandara,21.211792649727748,80.10950199637024,506,1200334,2932,1009352,26502,626978,98.0,75.0
277,Maharashtra,Bid,18.952353340080982,75.69319706477731,523,2585049,5614,2174672,320395,1473882,92.0,66.0
278,Maharashtra,Buldana,20.56680611183355,76.39017880364096,500,2586258,4767,1845424,354236,1467457,93.0,73.0
279,Maharashtra,Chandrapur,20.095609090909075,79.31556380471388,509,2204307,8239,1780085,92297,1163802,96.0,72.0
280,Maharashtra,Dhule,21.274018690400517,74.58719071837263,498,2050862,6065,1825460,187901,1167569,95.0,63.0
281,Maharashtra,Gondiya,21.225008411214997,80.17522698598128,507,1322507,2866,1153861,26157,704214,100.0,76.0
282,Maharashtra,Hingoli,19.59525302245251,77.09239412780653,512,1177345,1221,863199,127552,692117,94.0,67.0
283,Maharashtra,Jalgaon,20.8828943415638,75.55140421810695,499,4229917,14297,3457615,560261,2352671,92.0,68.0
284,Maharashtra,Jalna,19.984612534818933,75.98473607242339,514,1959046,3791,1504641,274221,1150104,94.0,61.0
285,Maharashtra,Kolhapur,16.44881301587301,74.12897150793648,530,3876001,22269,3379906,286558,1972486,96.0,73.0
286,Maharashtra,Latur,18.348687268993856,76.75812607802874,524,2454196,6217,2006984,367664,1406364,93.0,67.0
287,Maharashtra,Nagpur,21.196556862745105,79.02166176470584,505,4653570,57964,3492202,390974,2460820,95.0,79.0
288,Maharashtra,Nanded,19.209316983017,77.6829048951049,511,3361292,7548,2501741,471951,2008314,94.0,65.0
289,Maharashtra,Nandurbar,21.523175625248147,74.32638757443429,497,1648295,2579,1521618,96182,1011352,98.0,55.0
290,Maharashtra,Nashik,20.266912871287143,74.03824168316828,516,6107187,45039,5237009,693052,3580633,93.0,71.0
291,Maharashtra,Osmanabad,18.19459456066944,75.99495575313809,525,1657576,3209,1437623,178925,917343,92.0,69.0
292,Maharashtra,Parbhani,19.31032425249168,76.70163338870431,513,1836086,3982,1328385,306364,1078349,95.0,63.0
293,Maharashtra,Pune,18.51696171428573,74.12922881632647,521,9429408,235018,8090254,673704,5184734,91.0,76.0
294,Maharashtra,Ratnagiri,17.210195070127703,73.25725893866404,528,1615069,7752,1307211,187197,777431,112.0,74.0
295,Maharashtra,Sangli,17.154930181086502,74.70713822937628,531,2822143,13212,2440312,239607,1450907,97.0,73.0
296,Maharashtra,Satara,17.6737908974359,74.18052064102558,527,3003741,14093,2691952,146970,1517324,99.0,74.0
297,Maharashtra,Sindhudurg,16.170948049777163,73.51329008172343,529,849651,3517,780384,26264,382024,104.0,78.0
298,Maharashtra,Solapur,17.837357937584812,75.42394823609216,526,4317756,15145,3795424,441254,2402794,94.0,67.0
299,Maharashtra,Thane,19.698767747440264,72.79882742564581,517,11060148,256170,8716055,1355630,6184519,89.0,74.0
300,Maharashtra,Wardha,20.80743024390242,78.57259105691062,504,1300774,4313,1057096,53854,659540,95.0,78.0
301,Maharashtra,Washim,20.282282394366213,77.25502394366208,502,1197160,1875,859949,142672,682919,93.0,73.0
302,Maharashtra,Yavatmal,20.04258346738159,78.05326371760479,510,2772348,6094,2251401,239236,1549263,95.0,73.0
303,Manipur,Bishnupur,24.50712111801243,93.8246236024845,275,237399,676,175102,18691,135220,100.0,66.0
304,Manipur,Chandel,24.2635812987013,94.09443844155844,280,144182,184,10810,3086,86255,93.0,63.0
305,Manipur,Churachandpur,24.30309718875504,93.38671506024085,274,274143,837,12034,2886,168608,97.0,71.0
306,Manipur,Senapati,25.08465586034914,94.03366234413956,272,479148,256,43833,1649,314439,94.0,55.0
307,Manipur,Tamenglong,24.98312942238265,93.49450740072204,273,140651,125,2995,589,90273,94.0,60.0
308,Manipur,Thoubal,24.545392553191498,93.97959893617023,276,422168,880,267146,107323,251975,100.0,64.0
309,Manipur,Ukhrul,25.05900314960629,94.44129566929138,279,183998,276,7553,1115,113715,94.0,71.0
310,Meghalaya,East Garo Hills,25.82728228228228,90.64684924924916,294,317917,288,17272,3359,216742,97.0,60.0
311,Meghalaya,East Khasi Hills,25.303763888888884,91.75922519841272,298,825922,5032,144935,14185,545961,101.0,70.0
312,Meghalaya,Jaintia Hills,25.33959557069844,92.37608160136298,299,395124,510,12456,1646,291097,101.0,47.0
313,Meghalaya,South Garo Hills,25.240568578553614,90.64560349127176,295,142334,179,7036,1050,97082,95.0,58.0
314,Meghalaya,West Garo Hills,25.495285185185185,90.03709947089942,293,643291,1630,122936,106788,427629,98.0,56.0
315,Meghalaya,West Khasi Hills,25.500889926739926,91.25364542124538,296,383461,149,6498,1533,278569,98.0,60.0
316,Mizoram,Aizawl,23.90781335453101,92.85359459459472,283,400309,4019,13249,5264,235892,101.0,85.0
317,Mizoram,Champhai,23.54166580976866,93.24221799485862,284,125745,186,1075,699,78778,98.0,80.0
318,Mizoram,Kolasib,24.2020004347826,92.73470391304348,282,83955,367,4000,4426,52147,96.0,78.0
319,Mizoram,Lawngtlai,22.36102843137253,92.66964156862753,287,117894,162,1668,522,80723,95.0,53.0
320,Mizoram,Lunglei,23.007717036172675,92.63512555425892,286,161428,482,5231,1290,100250,95.0,75.0
321,Mizoram,Mamit,23.73852942502819,92.4330803833147,281,86364,90,2989,1782,55914,93.0,70.0
322,Mizoram,Saiha,22.35744801061008,93.02827931034489,288,56574,168,933,514,37127,98.0,75.0
323,Mizoram,Serchhip,23.263864705882344,92.914158496732,285,64937,131,991,335,39568,98.0,84.0
324,Nagaland,Dimapur,25.814176811594223,93.75074057971014,265,378811,3303,108900,31212,243392,92.0,73.0
325,Nagaland,Kohima,25.60311428571428,93.78600657596373,270,267988,1928,25496,4384,173701,93.0,74.0
326,Nagaland,Mokokchung,26.478911764705888,94.522426006192,262,194622,537,9840,2057,111243,93.0,82.0
327,Nagaland,Mon,26.69207374301676,95.03072988826828,261,250260,178,8102,3444,168773,90.0,48.0
328,Nagaland,Phek,25.63272986577182,94.56814563758392,266,163418,170,3563,950,108514,95.0,65.0
329,Nagaland,Tuensang,26.21104453280316,94.85809880715708,267,196596,155,2979,1052,134573,93.0,60.0
330,Nagaland,Wokha,26.202611551155112,94.1990815181518,264,166343,198,5605,2043,106951,97.0,77.0
331,Nagaland,Zunheboto,26.028178205128206,94.50026666666668,263,140757,261,2580,772,91709,98.0,73.0
332,Orissa,Baleshwar,21.48570932311624,87.08085828011933,377,2320529,7370,2197709,94254,1303828,96.0,70.0
333,Orissa,Bhadrak,20.95262735257214,86.81496204516931,378,1506337,2637,1398543,104202,848660,98.0,73.0
334,Orissa,Cuttack,20.407640646029623,85.7776810228802,381,2624470,15046,2457729,141263,1372301,94.0,77.0
335,Orissa,Dhenkanal,20.79887159353349,85.53226836027711,383,1192811,1810,1185542,4805,641697,95.0,70.0
336,Orissa,Gajapati,19.121080882352945,84.14015091911759,389,577817,635,353160,1556,345387,104.0,45.0
337,Orissa,Ganjam,19.2632617564534,84.80297710437702,388,3529031,9049,3486059,13315,1980232,98.0,63.0
338,Orissa,Jharsuguda,21.827058566978184,83.93581682242987,371,579505,2498,553587,12783,320156,95.0,70.0
339,Orissa,Kalahandi,19.784253092783523,83.1124043814433,395,1576869,1953,1555367,4975,880160,100.0,51.0
340,Orissa,Kandhamal,20.092878624813142,84.02216352765326,390,733110,768,580300,2138,436625,104.0,55.0
341,Orissa,Kendrapara,20.606319815982264,86.83763247572003,379,1440361,1628,1386792,50247,771284,101.0,76.0
342,Orissa,Khordha,20.054162322274863,85.52234834123229,386,2251673,35701,2147632,84060,1199521,93.0,78.0
343,Orissa,Koraput,18.82627794779476,82.81278469846964,398,1379647,3988,1294151,8850,818578,103.0,41.0
344,Orissa,Malkangiri,18.25227930367506,81.98293636363628,399,613192,448,600219,1871,381913,102.0,40.0
345,Orissa,Mayurbhanj,21.897621545157754,86.4030408052231,376,2519738,2950,2113079,33706,1449729,101.0,54.0
346,Orissa,Nayagarh,20.192895622119817,85.05614700460825,385,962789,1163,955754,5278,502136,92.0,71.0
347,Orissa,Nuapada,20.471309512195116,82.59152536585364,394,610382,757,601092,4952,344075,102.0,49.0
348,Orissa,Puri,19.83509174603177,85.86698989898981,387,1698730,3416,1644905,46094,888134,96.0,76.0
349,Orissa,Rayagada,19.292840020060204,83.45860120361095,396,967911,1553,874445,4607,577569,105.0,42.0
350,Orissa,Sambalpur,21.515752380952385,84.34958483245157,372,1041099,5231,964188,20120,565700,98.0,68.0
351,Orissa,Sundargarh,22.06354819277107,84.50524819277099,374,2093437,12787,1532352,71391,1188918,97.0,64.0
352,Puducherry,Karaikal,10.876161726078813,79.82369793621002,637,200222,1868,152638,28835,102333,105.0,77.0
353,Puducherry,Mahe,12.006420793787758,75.28275021570326,636,41816,574,27940,12856,19760,118.0,87.0
354,Puducherry,Yanam,16.707695652173904,82.26187304347832,634,55626,207,53537,1191,31973,104.0,71.0
355,Punjab,Amritsar,31.548679820627772,74.79883856502238,49,2490656,29961,690939,12502,1384987,89.0,68.0
356,Punjab,Bathinda,30.190524611973352,75.05685898004438,46,1388525,11284,380569,16299,754927,87.0,61.0
357,Punjab,Faridkot,30.591187250996025,74.79751553784862,45,617508,4348,141363,3125,336540,89.0,62.0
358,Punjab,Fatehgarh Sahib,30.64290947368421,76.36208394736842,40,600163,5138,152851,16808,321018,87.0,71.0
359,Punjab,Firozpur,30.63407535211269,74.40245732394365,43,2029074,10042,906408,6844,1171770,89.0,60.0
360,Punjab,Gurdaspur,32.04283371212125,75.3204064393939,35,2298323,14428,1074332,27667,1261421,90.0,71.0
361,Punjab,Hoshiarpur,31.55157169811319,75.8469857442349,38,1586625,13747,1000743,23089,831741,96.0,76.0
362,Punjab,Jalandhar,31.250336907216507,75.54400350515463,37,2193590,39082,1394329,30233,1159156,92.0,74.0
363,Punjab,Kapurthala,31.336592638036837,75.47641165644177,36,815168,9732,336124,10190,433331,91.0,71.0
364,Punjab,Ludhiana,30.76596397379912,75.83110851528383,41,3498739,58589,1502403,77713,1901528,87.0,73.0
365,Punjab,Mansa,29.919547714285724,75.4304922857143,47,769751,2673,156539,10375,420050,88.0,55.0
366,Punjab,Moga,30.756540067340065,75.1600845117845,42,995746,7897,158414,9388,535408,89.0,63.0
367,Punjab,Muktsar,30.31243303303303,74.5518747747748,44,901896,4571,254920,4333,495167,90.0,58.0
368,Punjab,Patiala,30.214540380693364,76.27505893949697,48,1895686,24274,783306,40043,1042519,89.0,67.0
369,Punjab,Rupnagar,30.910937330754347,76.53743500967126,51,684627,6600,304481,14492,365300,92.0,73.0
370,Punjab,Sangrur,30.185045204336895,75.89437014178496,53,1655169,10736,389410,179116,904316,89.0,61.0
371,Rajasthan,Ajmer,26.199300378787903,74.6990419191919,119,2583052,13499,2201663,314159,1561077,95.0,59.0
372,Rajasthan,Alwar,27.55271738035265,76.65359630562563,104,3674179,9750,3039279,547335,2346721,89.0,59.0
373,Rajasthan,Banswara,23.453642032967014,74.44246868131869,125,1797485,2324,1701234,48834,1153029,98.0,46.0
374,Rajasthan,Baran,24.98023243243244,76.86210651828291,128,1222755,1363,1133349,79984,762204,93.0,57.0
375,Rajasthan,Barmer,25.77070908045978,71.50297126436782,115,2603751,2766,2244882,321192,1731122,90.0,46.0
376,Rajasthan,Bharatpur,27.32411858037578,77.21752077244258,105,2548462,4179,2143046,371286,1659515,88.0,58.0
377,Rajasthan,Bhilwara,25.45119767759564,74.63947595628417,122,2408523,6207,2224839,142427,1439454,97.0,52.0
378,Rajasthan,Bikaner,28.12489068322981,73.26943322981371,101,2363937,7607,2073356,235741,1543867,91.0,54.0
379,Rajasthan,Bundi,25.48580716049379,75.79984074074079,121,1110906,1392,1017688,66609,686771,92.0,53.0
380,Rajasthan,Chittaurgarh,24.631623761665463,74.80010997846382,126,1544338,4941,1413163,97855,880043,97.0,53.0
381,Rajasthan,Churu,28.29330375536484,74.65846427038629,102,2039547,2577,1777879,249736,1293193,94.0,56.0
382,Rajasthan,Dausa,26.91234817629181,76.57342097264443,109,1634409,1719,1582335,45488,1047136,91.0,57.0
383,Rajasthan,Dhaulpur,26.72397054945053,77.74476219780222,106,1206516,1330,1127520,72258,815651,85.0,57.0
384,Rajasthan,Dungarpur,23.75104807692308,73.84765641025645,124,1388552,1477,1340065,28662,868458,99.0,49.0
385,Rajasthan,Ganganagar,29.256785412667963,73.56192303262948,99,1969168,6295,1437144,50688,1167889,89.0,61.0
386,Rajasthan,Hanumangarh,29.1813351791531,74.74632573289902,100,1774692,3360,1433067,118673,1058044,91.0,58.0
387,Rajasthan,Jaipur,27.033459290187885,75.77117286012533,110,6626178,76565,5819980,687452,4091148,91.0,65.0
388,Rajasthan,Jaisalmer,26.86900838548185,71.18371877346682,114,669919,754,497045,168129,448969,85.0,46.0
389,Rajasthan,Jalor,25.07578093797277,72.18647261724662,116,1828730,1585,1732852,78990,1176496,95.0,45.0
390,Rajasthan,Jhalawar,24.24725541474657,76.11242891705065,129,1411129,1750,1299751,96164,850546,95.0,52.0
391,Rajasthan,Jhunjhunun,28.13517401247401,75.52840893970894,103,2137045,4828,1905682,228178,1298780,95.0,64.0
392,Rajasthan,Jodhpur,26.678460838536967,73.00450847457628,113,3687165,19335,3224399,411558,2359786,92.0,55.0
393,Rajasthan,Karauli,26.51901555555556,76.96081818181815,107,1458248,1059,1370977,81553,947173,86.0,55.0
394,Rajasthan,Kota,25.175718080000014,76.18618928000001,127,1951014,12843,1661307,243993,1177474,91.0,67.0
395,Rajasthan,Nagaur,27.07862016048146,74.14215667001012,112,3307743,4449,2833443,454487,2088323,95.0,53.0
396,Rajasthan,Pali,25.80490393541874,73.55285640766907,118,2037573,4043,1870543,143476,1207983,99.0,53.0
397,Rajasthan,Rajsamand,25.24894767441859,73.96570215946844,123,1156597,1989,1105676,33677,687165,99.0,54.0
398,Rajasthan,Sawai Madhopur,26.251081180223288,76.4219283891548,108,1335551,1887,1165505,155681,841697,90.0,56.0
399,Rajasthan,Sikar,27.64644058641976,75.29317422839503,111,2677333,5647,2342076,327583,1672813,95.0,62.0
400,Rajasthan,Sirohi,24.7976905263158,72.75309131578943,117,1036346,2146,996562,30479,649290,94.0,46.0
401,Rajasthan,Tonk,26.153935071707927,75.79192216427637,120,1421326,1908,1243527,153146,880194,95.0,53.0
402,Rajasthan,Udaipur,24.44076752136749,73.84029839743584,130,3068420,14211,2869976,104307,1876436,96.0,52.0
403,Sikkim,East,27.29600352941175,88.74908392156858,93,1709346,80037,1410852,178807,948963,88.0,79.0
404,Tamil Nadu,Ariyalur,11.190514836795256,79.22249643916912,616,754894,1749,708397,7942,380484,101.0,64.0
405,Tamil Nadu,Chennai,13.058098905608748,80.28139151846806,603,4646732,217368,3751322,439270,2271657,99.0,81.0
406,Tamil Nadu,Coimbatore,10.871376995940452,77.07619012178621,632,3458045,63273,3044145,211035,1579517,100.0,76.0
407,Tamil Nadu,Cuddalore,11.57587300613498,79.63002365371497,617,2605914,15396,2391675,123749,1364411,99.0,70.0
408,Tamil Nadu,Dharmapuri,12.300141200000006,78.11509813333339,630,1506843,3651,1452956,38304,804186,95.0,61.0
409,Tamil Nadu,Dindigul,10.377801390820574,77.78011279554937,612,2159775,9155,1879494,105012,1065734,100.0,69.0
410,Tamil Nadu,Erode,11.267012155963302,77.42034334862392,610,2251744,18604,2115455,76098,1006543,99.0,66.0
411,Tamil Nadu,Kancheepuram,12.496424756511884,80.08820360135913,604,3998252,100322,3537399,173785,2076492,99.0,75.0
412,Tamil Nadu,Kanniyakumari,8.183466300191206,77.32053064053538,629,1870374,15673,909872,78590,887052,102.0,83.0
413,Tamil Nadu,Karur,10.79532776617955,78.08749686847604,613,1064493,4915,993666,53292,501585,102.0,68.0
414,Tamil Nadu,Madurai,9.904313833333331,78.01366033333332,623,3038252,34097,2760502,168881,1528178,99.0,75.0
415,Tamil Nadu,Nagapattinam,10.789468161718286,79.79437299431483,618,1616450,5585,1435072,128617,828444,103.0,75.0
416,Tamil Nadu,Namakkal,11.33766638477801,78.14624841437633,609,1726601,8960,1673652,32483,817905,99.0,68.0
417,Tamil Nadu,Perambalur,11.260137758112096,78.86034011799416,615,565223,1507,521658,32702,291371,100.0,66.0
418,Tamil Nadu,Pudukkottai,10.130514816433578,79.05444484265728,621,1618345,4494,1428784,114194,835853,101.0,69.0
419,Tamil Nadu,Ramanathapuram,9.31286995153476,78.99185362412462,626,1353445,5172,1047411,208038,708322,98.0,72.0
420,Tamil Nadu,Salem,11.629324202127655,78.2478257978723,608,3482056,20660,3326357,95487,1737345,95.0,66.0
421,Tamil Nadu,Sivaganga,9.960306580645158,78.56535729032255,622,1339101,5773,1186078,74310,666218,100.0,72.0
422,Tamil Nadu,Thanjavur,10.387692255892237,79.3194869107745,620,2405890,13495,2075870,190814,1193095,103.0,74.0
423,Tamil Nadu,Theni,9.924066666666668,77.43458833333332,624,1245899,4667,1148990,56751,618923,99.0,70.0
424,Tamil Nadu,Thiruvallur,13.275858101752885,80.19724702864492,602,3728104,75634,3325823,143093,1925296,99.0,75.0
425,Tamil Nadu,Thiruvarur,10.368927409395978,79.60322893959727,619,1264277,4416,1132785,96092,627880,102.0,75.0
426,Tamil Nadu,Tiruvannamalai,12.419318947368414,79.23265631578953,606,2464875,6445,2294369,91636,1301347,99.0,66.0
427,Tamil Nadu,Vellore,12.784882632293078,79.02643283582084,605,3936331,20623,3397857,414760,2096113,101.0,70.0
428,Tamil Nadu,Virudhunagar,9.468872195892564,77.87641469194315,625,1942288,10219,1822626,47838,987538,101.0,72.0
429,Tripura,Dhalai,23.781360477941163,91.94654283088232,291,378230,273,307120,8256,232286,94.0,73.0
430,Tripura,North Tripura,24.121739755351683,92.17842538226292,292,693947,997,507967,105737,414878,97.0,75.0
431,Tripura,South Tripura,23.211874098057383,91.6065807585568,290,876001,948,736015,49258,505558,96.0,74.0
432,Tripura,West Tripura,23.780166241299337,91.41310788863107,289,1725739,6394,1512801,152791,940424,96.0,79.0
433,Uttar Pradesh,Agra,26.99512974910393,78.05278291517321,146,4418797,27183,3922718,411313,2871903,87.0,61.0
434,Uttar Pradesh,Aligarh,27.93748576850093,78.00146831119557,143,3673889,13634,2904140,729283,2378289,88.0,57.0
435,Uttar Pradesh,Allahabad,25.392038662316445,82.05172446982063,175,5954391,24122,5102041,796756,3764404,90.0,62.0
436,Uttar Pradesh,Ambedkar Nagar,26.39119025974028,82.68282142857147,178,2397888,2509,1985654,401678,1499494,98.0,62.0
437,Uttar Pradesh,Auraiya,26.66892394014961,79.42637057356607,162,1379545,2404,1273546,101963,856336,86.0,67.0
438,Uttar Pradesh,Azamgarh,26.008290954773837,83.01220251256285,191,4613913,6652,3878626,718692,2930243,102.0,60.0
439,Uttar Pradesh,Baghpat,29.045793499999988,77.30266300000001,139,1303048,2989,917474,364583,817140,86.0,61.0
440,Uttar Pradesh,Bahraich,27.691776300578027,81.46779783237004,180,3487731,2681,2291892,1169330,2275746,89.0,40.0
441,Uttar Pradesh,Ballia,25.86075638297873,84.03651978723408,193,3239774,4672,3004240,213440,1975934,94.0,61.0
442,Uttar Pradesh,Balrampur,27.449076537911324,82.47158326180256,182,2148665,1551,1333242,805975,1415213,93.0,40.0
443,Uttar Pradesh,Banda,25.351885902503284,80.52487391304344,170,1799410,1655,1637549,157612,1120432,86.0,56.0
444,Uttar Pradesh,Bara Banki,26.922777025232424,81.35762350597606,176,3260699,3159,2505444,737106,2043335,91.0,52.0
445,Uttar Pradesh,Bareilly,28.51101940789474,79.43187072368416,150,4448359,15164,2830768,1536534,2893965,89.0,49.0
446,Uttar Pradesh,Basti,26.833880454545447,82.69790590909092,185,2464464,3423,2082976,364510,1574037,96.0,57.0
447,Uttar Pradesh,Bijnor,29.313974259681096,78.45098815489754,134,3682713,7303,2032081,1585210,2404576,92.0,58.0
448,Uttar Pradesh,Bulandshahr,28.34875862068968,78.01082758620684,142,3499171,7865,2707195,777407,2246254,90.0,58.0
449,Uttar Pradesh,Chandauli,25.1180859611231,83.25307062634984,196,1952756,3492,1727869,215081,1222695,92.0,60.0
450,Uttar Pradesh,Chitrakoot,25.159924623803,81.07666087551297,171,991730,827,955372,34559,638046,88.0,54.0
451,Uttar Pradesh,Deoria,26.42218856548857,83.8244070686071,190,3100946,4469,2730957,358539,1946336,102.0,60.0
452,Uttar Pradesh,Etah,27.591155309734443,78.70021858407083,201,1774480,2635,1611126,146346,1149372,87.0,59.0
453,Uttar Pradesh,Etawah,26.78817670157068,79.07621806282728,161,1581810,2964,1457892,113961,979633,87.0,67.0
454,Uttar Pradesh,Faizabad,26.60589185185181,82.00783530864202,177,2470996,4746,2094271,365806,1534832,96.0,59.0
455,Uttar Pradesh,Farrukhabad,27.45063297872342,79.4406284574468,159,1885204,2624,1596278,276846,1224584,87.0,58.0
456,Uttar Pradesh,Fatehpur,25.8374362030905,80.85416203090509,172,2632733,3385,2274674,350700,1624830,90.0,57.0
457,Uttar Pradesh,Firozabad,27.20963993055552,78.42660624999998,147,2498156,5834,2140745,314812,1621154,88.0,61.0
458,Uttar Pradesh,Gautam Buddha Nagar,28.393311038961038,77.52462467532465,141,1648115,53181,1394025,215500,1015648,85.0,68.0
459,Uttar Pradesh,Ghaziabad,28.74997308584685,77.67441879350343,140,4681645,78116,3414427,1186776,2891069,88.0,67.0
460,Uttar Pradesh,Ghazipur,25.624724775583484,83.5360854578097,195,3620268,5309,3233790,368153,2234593,95.0,61.0
461,Uttar Pradesh,Gonda,27.157215552099505,82.0226888024882,183,3433919,4313,2739076,678615,2223078,92.0,49.0
462,Uttar Pradesh,Gorakhpur,26.63315886792452,83.3549560377358,188,4440895,14597,4009037,403847,2755630,95.0,61.0
463,Uttar Pradesh,Hardoi,27.337409090909137,80.26411767676768,155,4092845,3845,3508131,556219,2598364,87.0,54.0
464,Uttar Pradesh,Jalaun,26.067954587155988,79.36686911314993,165,1689974,2217,1509708,171581,1002817,87.0,64.0
465,Uttar Pradesh,Jaunpur,25.70141280913127,82.54315351934063,194,4494204,8002,3981502,483750,2826453,102.0,61.0
466,Uttar Pradesh,Jhansi,25.45581535234902,78.89954580536917,166,1998603,8517,1823930,147842,1171301,89.0,65.0
467,Uttar Pradesh,Jyotiba Phule Nagar,28.870498984771597,78.39009365482241,137,1840221,2825,1075440,750368,1227283,91.0,53.0
468,Uttar Pradesh,Kannauj,26.993988617886185,79.64437940379408,160,1656616,2488,1375788,273967,1069916,88.0,61.0
469,Uttar Pradesh,Kanpur Dehat,26.43047641196011,79.98710083056478,163,1796184,2682,1612968,176327,1100820,86.0,65.0
470,Uttar Pradesh,Kaushambi,25.53587532051282,81.41811282051287,174,1599596,1503,1372381,220423,1034099,91.0,51.0
471,Uttar Pradesh,Kushinagar,26.892530675909864,83.92261542461007,189,3564544,3486,2928462,620244,2236842,96.0,55.0
472,Uttar Pradesh,Lalitpur,24.58877161016945,78.60082330508473,167,1221592,1079,1163804,33724,793551,91.0,52.0
473,Uttar Pradesh,Lucknow,26.838233589251463,80.89706026871404,157,4589838,68506,3537787,985070,2678289,92.0,68.0
474,Uttar Pradesh,Mahoba,25.34529670138888,79.67863003472216,169,875958,1316,815142,57454,527067,88.0,56.0
475,Uttar Pradesh,Mainpuri,27.17386862302482,79.03501851015807,148,1868529,2642,1746649,100723,1193660,88.0,64.0
476,Uttar Pradesh,Mathura,27.59390432801821,77.62153416856502,145,2547184,8726,2310776,216933,1600686,86.0,59.0
477,Uttar Pradesh,Mau,26.01082203791469,83.50582654028433,192,2205968,2656,1769937,428555,1402738,98.0,62.0
478,Uttar Pradesh,Meerut,29.02957625698323,77.80611005586593,138,3443689,23717,2183255,1185643,2165117,89.0,62.0
479,Uttar Pradesh,Mirzapur,25.10207959183675,82.60126628571429,199,2496970,4447,2292534,195765,1590528,90.0,57.0
480,Uttar Pradesh,Moradabad,28.851770406189537,78.73580193423597,135,4772006,11690,2488265,2248392,3168270,91.0,47.0
481,Uttar Pradesh,Muzaffarnagar,29.470507977736563,77.64017847866423,133,4143512,10077,2382914,1711453,2671757,89.0,58.0
482,Uttar Pradesh,Pilibhit,28.52024175035868,79.90103974175037,151,2031007,2870,1449007,489686,1320476,89.0,52.0
483,Uttar Pradesh,Pratapgarh,25.864842731707316,81.93530048780492,131,867848,716,827293,25597,545987,98.0,46.0
484,Uttar Pradesh,Pratapgarh,25.864842731707316,81.93530048780492,173,3209141,5149,2731351,452394,2002569,100.0,60.0
485,Uttar Pradesh,Rae Bareli,26.253902840059787,81.22260463378181,158,3405559,5184,2975998,413243,2116007,94.0,58.0
486,Uttar Pradesh,Rampur,28.83244727272725,79.10977333333337,136,2335819,3847,1073890,1181337,1576123,91.0,45.0
487,Uttar Pradesh,Saharanpur,30.03381165217392,77.59905147826095,132,3466382,9699,1966892,1454052,2228689,89.0,60.0
488,Uttar Pradesh,Sant Kabir Nagar,26.791596516393444,83.0387764344262,186,1715183,2031,1300586,404410,1108368,97.0,56.0
489,Uttar Pradesh,Shahjahanpur,27.991389350649328,79.8302275324675,152,3006538,3889,2412595,527581,1961237,87.0,50.0
490,Uttar Pradesh,Sitapur,27.501995963091108,80.85288881199547,154,4483992,3874,3555450,893725,2862383,89.0,51.0
491,Uttar Pradesh,Sonbhadra,24.46693268858798,83.06816324951639,200,1862559,5149,1738769,103567,1203938,92.0,53.0
492,Uttar Pradesh,Sultanpur,26.2846386419753,82.05710456790123,179,3797117,5956,3119590,650261,2376875,98.0,59.0
493,Uttar Pradesh,Unnao,26.63163990895297,80.636773292868,156,3108367,3476,2732016,363453,1893706,91.0,57.0
494,Uttar Pradesh,Varanasi,25.36057088888889,82.82529666666672,197,3676841,19214,3107681,546987,2260457,91.0,65.0
495,Uttaranchal,Almora,29.683532133676103,79.50165064267351,64,622506,1830,611250,7752,351595,114.0,70.0
496,Uttaranchal,Bageshwar,29.98703393393397,79.83954354354357,63,259898,435,257509,1440,147488,109.0,69.0
497,Uttaranchal,Chamoli,30.58338611464965,79.56281095541402,57,391605,899,385818,4395,229715,102.0,72.0
498,Uttaranchal,Champawat,29.29142393939393,80.07720212121217,65,259648,548,249563,8693,156916,98.0,68.0
499,Uttaranchal,Pithoragarh,30.14720631868129,80.34229230769236,62,483439,1344,475105,6015,273494,102.0,71.0
500,Uttaranchal,Tehri Garhwal,30.463700918635173,78.48783792650917,59,618931,1366,609835,7374,368324,108.0,66.0
501,Uttaranchal,Udham Singh Nagar,29.02779577677222,79.45629004524895,67,1648902,7883,1104452,372267,1042614,92.0,63.0
502,Uttaranchal,Uttarkashi,30.968958552036234,78.56880615384617,56,330086,602,324859,3554,202426,96.0,65.0
503,West Bengal,Bankura,23.081280892857155,87.12640053571437,339,3596674,4273,3033581,290450,1942335,96.0,62.0
504,West Bengal,Barddhaman,23.444453888888884,87.8150581111111,335,7717563,32323,6008472,1599764,4149420,95.0,68.0
505,West Bengal,Birbhum,24.06389342723,87.65153089201888,334,3502404,5210,2181515,1298054,2008655,96.0,62.0
506,West Bengal,Dakshin Dinajpur,25.342094363021435,88.69821679819614,331,1676276,2518,1232850,412788,937283,96.0,65.0
507,West Bengal,Darjiling,26.839619571045585,88.33145067024122,327,1846823,10943,1366681,105086,1031221,97.0,71.0
508,West Bengal,Haora,22.401674174428507,87.99421176968654,341,4850029,30751,3535844,1270641,2587164,94.0,74.0
509,West Bengal,Hugli,22.87929264705881,88.00010264705891,338,5519145,31725,4574569,870204,2766489,96.0,74.0
510,West Bengal,Jalpaiguri,26.62642031250004,89.04154375000003,328,3872846,9322,3156781,445817,2259507,95.0,65.0
511,West Bengal,Kolkata,22.550581481481483,88.3527648148148,342,4496694,136618,3440290,926414,2025389,91.0,80.0
512,West Bengal,Maldah,25.08026802575105,88.17191684549356,332,3988845,5357,1914352,2045151,2511004,94.0,52.0
513,West Bengal,Murshidabad,24.25950655391121,88.16816860465121,333,7103807,7951,2359061,4707573,4390564,96.0,57.0
514,West Bengal,Nadia,23.56410971055088,88.58293034547152,336,5167600,12787,3728482,1382682,2745828,95.0,67.0
515,West Bengal,Puruliya,23.254192328767108,86.3968532876713,340,2930115,3551,2373120,227249,1678057,96.0,55.0
516,West Bengal,Uttar Dinajpur,26.044619165196977,88.23595232216337,330,3007134,2883,1482943,1501170,1916033,94.0,50.0
